[
    {
        "ID" : "2",
        "Name" : "張佑任",
        "Url" : "http://192.168.10.3/web202510"
    },
    {
        "ID" : "3",
        "Name" : "吳灌恆",
        "Url" : "http://192.168.10.2:81"
    },
    {
        "ID" : "4",
        "Name" : "張揚",
        "Url" : "http://192.168.10.5:8080/web202510"
    },
    {
        "ID" : "5",
        "Name" : "呂宗翰",
        "Url" : "http://192.168.10.6/web202510"
    },
    {
        "ID" : "6",
        "Name" : "俞良澄",
        "Url" : "http://allen19970828.github.io/ed-nexus"
    },
    {
        "ID" : "7",
        "Name" : "陳永蒼",
        "Url" : "http://192.168.10.8/web202510"
    },
    {
        "ID" : "9",
        "Name" : "范秝榤",
        "Url" : "http://192.168.10.10/web202510"
    },
    {
        "ID" : "10",
        "Name" : "張哲瑋",
        "Url" : "http://192.168.10.11/web202510"
    },
    {
        "ID" : "12",
        "Name" : "陳如謙",
        "Url" : "http://192.168.10.13/web202510"
    },
    {
        "ID" : "15",
        "Name" : "林家緯",
        "Url" : "http://192.168.10.16/web202510"
    },
    {
        "ID" : "16",
        "Name" : "陳昱甫",
        "Url" : "http://192.168.10.18/web202510"
    },
    {
        "ID" : "17",
        "Name" : "林一非",
        "Url" : "http://192.168.10.19/web202510"
    },
    {
        "ID" : "18",
        "Name" : "邱靖淳",
        "Url" : "http://192.168.10.20:81/web202510"
    },
    {
        "ID" : "19",
        "Name" : "張庭翊",
        "Url" : "http://192.168.10.21/web202510"
    },
    {
        "ID" : "20",
        "Name" : "陳榆婷",
        "Url" : "http://192.168.10.22:82/web202510"
    },
    {
        "ID" : "21",
        "Name" : "鄭哲瑋",
        "Url" : "http://192.168.10.23:8080/web202510"
    },
    {
        "ID" : "22",
        "Name" : "張嘉麟",
        "Url" : "http://192.168.10.24/web202510"
    },
    {
        "ID" : "23",
        "Name" : "陳皇賓",
        "Url" : "http://192.168.10.26/web202510"
    },
    {
        "ID" : "24",
        "Name" : "林政佑",
        "Url" : "http://192.168.10.27/web202510"
    },
    {
        "ID" : "25",
        "Name" : "賴泳寰",
        "Url" : "http://192.168.10.28:82/web202510"
    },
    {
        "ID" : "26",
        "Name" : "李俞靜",
        "Url" : "http://192.168.10.29/web202510"
    },
    {
        "ID" : "27",
        "Name" : "詹大乙",
        "Url" : "http://192.168.10.30/web202510"
    },
    {
        "ID" : "28",
        "Name" : "施惟哲",
        "Url" : "http://192.168.10.31/web202510"
    },
    {
        "ID" : "29",
        "Name" : "蔡文榮",
        "Url" : "http://192.168.10.32/web202510"
    }
]